INSERT INTO hard_skills (id, hard_skill) VALUES
(1, 'Go'),
(2, 'PostgreSQL'),
(3, 'Docker'),
(4, 'REST API'),
(5, 'Git'),
(6, 'JavaScript'),
(7, 'React'),
(8, 'HTML/CSS'),
(9, 'Webpack'),
(10, 'Kubernetes'),
(11, 'Jenkins'),
(12, 'Bash'),
(13, 'Linux'),
(14, 'Python'),
(15, 'Pandas'),
(16, 'NumPy'),
(17, 'scikit-learn'),
(18, 'SQL'),
(19, 'TensorFlow'),
(20, 'PyTorch'),
(21, 'Test documentation'),
(22, 'Jira'),
(23, 'Selenium'),
(24, 'CI/CD basics'),
(25, 'Swift'),
(26, 'Xcode'),
(27, 'Kotlin'),
(28, 'Android Studio'),
(29, 'C#'),
(30, 'Unity'),
(31, 'Networking'),
(32, 'OWASP'),
(33, 'Security audits'),
(34, 'BPMN'),
(35, 'Agile'),
(36, 'Confluence'),
(37, 'A/B testing'),
(38, 'Product metrics'),
(39, 'Figma'),
(40, 'Prototyping'),
(41, 'Design Systems'),
(42, 'Airflow'),
(43, 'ETL'),
(44, 'AWS'),
(45, 'Markdown'),
(46, 'API documentation'),
(47, 'English C1'),
(48, 'C/C++'),
(49, 'Grafana'),
(50, 'Power BI');

INSERT INTO soft_skills (id, soft_skill) VALUES
(1, 'Командная работа'),
(2, 'Коммуникабельность'),
(3, 'Гибкость'),
(4, 'Стрессоустойчивость'),
(5, 'Тайм-менеджмент'),
(6, 'Критическое мышление'),
(7, 'Ответственность'),
(8, 'Адаптивность'),
(9, 'Лидерство'),
(10, 'Организованность'),
(11, 'Навыки презентации'),
(12, 'Эмпатия'),
(13, 'Инициативность'),
(14, 'Способность к обучению'),
(15, 'Аналитическое мышление'),
(16, 'Управление конфликтами'),
(17, 'Работа в многозадачном режиме'),
(18, 'Клиентоориентированность'),
(19, 'Самоорганизация'),
(20, 'Умение слушать'),
(21, 'Пунктуальность'),
(22, 'Дипломатичность'),
(23, 'Креативность'),
(24, 'Уверенность в себе');

INSERT INTO middle_vacancies (id, name) VALUES
(1, 'Go Backend-разработчик'),
(2, 'Frontend-разработчик React'),
(3, 'Data Scientist'),
(4, 'DevOps-инженер'),
(5, 'QA Engineer'),
(6, 'Python backend-разработчик'),
(7, 'Android разработчик'),
(8, 'iOS разработчик'),
(9, 'Unity Game Developer'),
(10, 'Инженер информационной безопасности'),
(11, 'Бизнес-аналитик'),
(12, 'Product Manager'),
(13, 'UX/UI Designer'),
(14, 'Data Engineer'),
(15, 'ML Engineer'),
(16, 'Fullstack-разработчик'),
(17, 'C++ Developer'),
(18, 'BI Analyst'),
(19, 'Системный администратор'),
(20, 'Технический писатель');

INSERT INTO middle_hard_skills (vacancy_id, hard_skill_id) VALUES
(1, 1), (1, 2), (1, 3), (1, 4), (1, 5),
(2, 6), (2, 7), (2, 8), (2, 9), (2, 5),
(3, 14), (3, 15), (3, 16), (3, 17), (3, 19),
(4, 3), (4, 10), (4, 11), (4, 12), (4, 13),
(5, 21), (5, 22), (5, 23), (5, 24), (5, 5),
(6, 14), (6, 2), (6, 3), (6, 4), (6, 5),
(7, 27), (7, 28), (7, 5), (7, 2),
(8, 25), (8, 26), (8, 5), (8, 2),
(9, 29), (9, 30), (9, 2), (9, 5),
(10, 31), (10, 32), (10, 33), (10, 13), (10, 12),
(11, 34), (11, 2), (11, 5), (11, 35), (11, 36),
(12, 35), (12, 36), (12, 5), (12, 38), (12, 22),
(13, 39), (13, 40), (13, 41), (13, 5),
(14, 14), (14, 42), (14, 43), (14, 2), (14, 44),
(15, 14), (15, 15), (15, 17), (15, 19), (15, 20),
(16, 1), (16, 7), (16, 6), (16, 2), (16, 3),
(17, 48), (17, 13), (17, 2), (17, 12),
(18, 50), (18, 2), (18, 38), (18, 18),
(19, 13), (19, 12), (19, 3), (19, 10),
(20, 45), (20, 46), (20, 47), (20, 5);

INSERT INTO middle_soft_skills (vacancy_id, soft_skill_id) VALUES
(1, 1), (1, 7), (1, 6),
(2, 1), (2, 3), (2, 23),
(3, 6), (3, 14), (3, 15),
(4, 7), (4, 3), (4, 5),
(5, 10), (5, 5), (5, 4),
(6, 6), (6, 7), (6, 14),
(7, 3), (7, 7), (7, 1),
(8, 3), (8, 7), (8, 5),
(9, 23), (9, 7), (9, 14),
(10, 6), (10, 7), (10, 16),
(11, 15), (11, 2), (11, 6),
(12, 9), (12, 7), (12, 10),
(13, 23), (13, 1), (13, 2),
(14, 14), (14, 7), (14, 5),
(15, 6), (15, 14), (15, 15),
(16, 1), (16, 7), (16, 3),
(17, 6), (17, 7), (17, 5),
(18, 15), (18, 5), (18, 14),
(19, 7), (19, 5), (19, 4),
(20, 20), (20, 10), (20, 2);
